<?xml version="1.0" encoding="utf-8" ?>
<odoo noupdate="0">
     <!--School.event-->
     <record id="school_event_1" model="event.event">
        <field name="name">Hockey(Demo-1)</field>
        <field name="user_id" ref="base.user_demo" />
        <field
            name="date_begin"
            eval="(DateTime.today() + timedelta(days=4)).strftime('%Y-%m-%d')"
        />
        <field
            name="date_end"
            eval="(DateTime.today() + timedelta(days=6)).strftime('%Y-%m-%d')"
        />
        <field name="seats_limited">True</field>
        <field name="seats_max">56</field>
        <field name="address_id" ref="event.res_partner_location_2" />
        <field name="event_type_id" ref="event.event_type_0" />
        <field name="stage_id" ref="event.event_stage_new" />
        <field
            name="part_standard_ids"
            eval="[(6,0,[ref('school.demo_school_standard_1'),ref('school.demo_school_standard_2'),ref('school.demo_school_standard_3')])]"
        />
    </record>

    <record id="school_event_2" model="event.event">
        <field name="name">Badminton(Demo-1)</field>
        <field name="user_id" ref="base.user_demo" />
        <field
            name="date_begin"
            eval="(DateTime.today() + timedelta(days=3)).strftime('%Y-%m-%d')"
        />
        <field
            name="date_end"
            eval="(DateTime.today() + timedelta(days=5)).strftime('%Y-%m-%d')"
        />
        <field name="seats_limited">True</field>
        <field name="seats_max">56</field>
        <field name="address_id" ref="event.res_partner_location_2" />
        <field name="event_type_id" ref="event.event_type_0" />
        <field name="stage_id" ref="event.event_stage_new" />
        <field
            name="part_standard_ids"
            eval="[(6,0,[ref('school.demo_school_standard_1'),ref('school.demo_school_standard_2'),ref('school.demo_school_standard_3')])]"
        />
    </record>

    <!--school.event.registration-->

    <record id="event_registration_1" model="event.registration">
        <field name="name">John William - Hockey(Demo-1)</field>
        <field name="event_id" ref="school_event_1" />
        <field name="part_name_id" ref="school.demo_student_student_5" />
        <field name="state">draft</field>
    </record>

    <record id="event_registration_2" model="event.registration">
        <field name="name">Alexander Robert - Hockey(Demo-1)</field>
        <field name="event_id" ref="school_event_1" />
        <field name="part_name_id" ref="school.demo_student_student_6" />
        <field name="state">draft</field>
    </record>

    <record id="event_registration_3" model="event.registration">
        <field name="name">Sarah Isaac - Hockey(Demo-1)</field>
        <field name="event_id" ref="school_event_1" />
        <field name="part_name_id" ref="school.demo_student_student_7" />
        <field name="state">draft</field>
    </record>

    <record id="event_registration_4" model="event.registration">
        <field name="name">Lucy William - Badminton(Demo-1)</field>
        <field name="event_id" ref="school_event_2" />
        <field name="part_name_id" ref="school.demo_student_student_8" />
        <field name="state">draft</field>
    </record>

    <record id="event_registration_5" model="event.registration">
        <field name="name">Maria Samuel - Badminton(Demo-1)</field>
        <field name="event_id" ref="school_event_2" />
        <field name="part_name_id" ref="school.demo_student_student_4" />
        <field name="state">draft</field>
    </record>

    <record id="event_registration_6" model="event.registration">
        <field name="name">John William - Badminton(Demo-1)</field>
        <field name="event_id" ref="school_event_2" />
        <field name="part_name_id" ref="school.demo_student_student_5" />
        <field name="state">draft</field>
    </record>
</odoo>
