<?xml version="1.0" ?>
<odoo>
    <!-- library.card -->
    <record id="demo_library_card_1" model="library.card">
        <field name="code">A1</field>
        <field name="user">student</field>
        <field name="book_limit">02</field>
        <field name="student_id" ref="school.demo_student_student_7" />
        <field name="standard_id" ref="school.demo_school_standard_1" />
        <field name="roll_no">3</field>
        <field name="start_date" eval="(DateTime.today()).strftime('%Y-%m-%d')" />
        <field name="duration">10</field>
        <field
            name="end_date"
            eval="(DateTime.today() + relativedelta(months=10)).strftime('%Y-%m-%d')"
        />
        <field name="state">running</field>
    </record>

    <record id="demo_library_card_2" model="library.card">
        <field name="code">F1</field>
        <field name="user">teacher</field>
        <field name="book_limit">04</field>
        <field name="teacher_id" ref="school.demo_school_teacher_1" />
        <field name="start_date" eval="(DateTime.today()).strftime('%Y-%m-%d')" />
        <field name="duration">11</field>
        <field
            name="end_date"
            eval="(DateTime.today() + relativedelta(months=11)).strftime('%Y-%m-%d')"
        />
        <field name="state">running</field>
    </record>

    <!-- Product -->

    <record id="library_product_b13" model="product.product">
        <field name="name">DBMS</field>
        <field name="type">product</field>
        <field name="categ_id" ref="library.product_category_1" />
        <field name='default_code'>dbms</field>
    </record>

    <record id="library_product_b2" model="product.product">
        <field name="name">C</field>
        <field name="type">product</field>
        <field name="categ_id" ref="product.product_category_2" />
        <field name='default_code'>c</field>
    </record>

    <!-- library.book.issue -->

    <record id="demo_library_book_1" model="library.book.issue">
        <field name="issue_code">New</field>
        <field name="name" ref="library.product_product_b1" />
        <field name="card_id" ref="demo_library_card_1" />
        <field name="user">Student</field>
        <field name="student_id" ref="school.demo_student_student_7" />
        <field name="roll_no">3</field>
        <field name="standard_id" ref="school.demo_school_standard_1" />
    </record>

    <record id="demo_library_book_2" model="library.book.issue">
        <field name="issue_code">New</field>
        <field name="name" ref="library_product_b2" />
        <field name="card_id" ref="demo_library_card_2" />
        <field name="user">Teacher</field>
        <field name="teacher_id" ref="school.demo_school_teacher_1" />
    </record>

    <!-- library.book.request -->

    <record id="demo_library_book_request_1" model="library.book.request">
        <field name="card_id" ref="demo_library_card_1" />
        <field name="type">existing</field>
        <field name="name" ref="library.product_product_b1" />

    </record>

    <record id="demo_library_book_request_2" model="library.book.request">
        <field name="card_id" ref="demo_library_card_2" />
        <field name="type">existing</field>
        <field name="name" ref="library.product_product_b1" />
    </record>

    <!-- library.rack -->

    <record id="demo_library_rack_1" model="library.rack">
        <field name="name">Book1</field>
        <field name="code">PCB0001</field>
    </record>

    <record id="demo_library_rack_2" model="library.rack">
        <field name="name">Book2</field>
        <field name="code">PCB0002</field>
    </record>

    <!-- Language -->

    <record id="library_language_1" model="product.lang">
        <field name="code">LG1</field>
        <field name="name">English</field>
    </record>

    <record id="library_language_2" model="product.lang">
        <field name="code">LG2</field>
        <field name="name">French</field>
    </record>

    <record id="library_language_3" model="product.lang">
        <field name="code">LG3</field>
        <field name="name">Urdu</field>
    </record>

    <!-- library.author -->

    <record id="library_author_1" model="library.author">
        <field name="name">BalaGuruSwami</field>
    </record>

    <record id="library_author_2" model="library.author">
        <field name="name">S.G.Gupta</field>
    </record>

    <record id="library_author_3" model="library.author">
        <field name="name">THOMAS A.D</field>
    </record>
</odoo>
